"ID","statistic","p.value"
"AHNAK2",4.6075656780922,0.0341486409636719
"ALB",5.19574519609305,0.0241924104166268
