"ID","statistic","p.value"
"AHNAK2",-2.14652409212946,0.0341486409636719
"ALB",2.2794177318107,0.0241924104166268
